-- phpMyAdmin SQL Dump
-- version 3.5.2.2
-- http://www.phpmyadmin.net
--
-- Host: 127.0.0.1
-- Generation Time: Jun 10, 2016 at 04:46 PM
-- Server version: 5.5.27
-- PHP Version: 5.4.7

SET SQL_MODE="NO_AUTO_VALUE_ON_ZERO";
SET time_zone = "+00:00";


/*!40101 SET @OLD_CHARACTER_SET_CLIENT=@@CHARACTER_SET_CLIENT */;
/*!40101 SET @OLD_CHARACTER_SET_RESULTS=@@CHARACTER_SET_RESULTS */;
/*!40101 SET @OLD_COLLATION_CONNECTION=@@COLLATION_CONNECTION */;
/*!40101 SET NAMES utf8 */;

--
-- Database: `perpus`
--

-- --------------------------------------------------------

--
-- Table structure for table `anggota`
--

CREATE TABLE IF NOT EXISTS `anggota` (
  `id_anggota` int(10) unsigned NOT NULL AUTO_INCREMENT,
  `NIS` char(8) NOT NULL,
  `nama` varchar(30) NOT NULL,
  `gender` enum('L','P') NOT NULL,
  `kelas` smallint(5) unsigned NOT NULL,
  `alamat` text NOT NULL,
  `hp` char(12) NOT NULL,
  PRIMARY KEY (`id_anggota`),
  UNIQUE KEY `NIS` (`NIS`),
  KEY `FK_anggota_kelas` (`kelas`)
) ENGINE=InnoDB  DEFAULT CHARSET=latin1 AUTO_INCREMENT=2 ;

--
-- Dumping data for table `anggota`
--

INSERT INTO `anggota` (`id_anggota`, `NIS`, `nama`, `gender`, `kelas`, `alamat`, `hp`) VALUES
(1, '12345678', 'Wahyu Tri Utama', 'L', 1, 'YK', '0834534834');

-- --------------------------------------------------------

--
-- Table structure for table `buku`
--

CREATE TABLE IF NOT EXISTS `buku` (
  `id_buku` char(6) NOT NULL,
  `judul` varchar(100) NOT NULL,
  `id_kategori` int(10) unsigned NOT NULL,
  `id_pengarang` int(10) unsigned NOT NULL,
  `id_penerbit` int(10) unsigned NOT NULL,
  `thn_terbit` year(4) NOT NULL,
  `stok` int(3) NOT NULL DEFAULT '0',
  `st_out` int(3) NOT NULL DEFAULT '0',
  PRIMARY KEY (`id_buku`),
  KEY `FK_buku_penerbit` (`id_penerbit`),
  KEY `FK_buku_pengarang` (`id_pengarang`),
  KEY `FK_buku_kat` (`id_kategori`)
) ENGINE=InnoDB DEFAULT CHARSET=latin1;

--
-- Dumping data for table `buku`
--

INSERT INTO `buku` (`id_buku`, `judul`, `id_kategori`, `id_pengarang`, `id_penerbit`, `thn_terbit`, `stok`, `st_out`) VALUES
('BK1001', 'IPA JILID 1', 3, 406, 2, 1970, 0, 0),
('BK1002', 'IP JILID 12', 3, 407, 2, 1972, 4, 0);

-- --------------------------------------------------------

--
-- Table structure for table `kategori`
--

CREATE TABLE IF NOT EXISTS `kategori` (
  `id_kategori` int(10) unsigned NOT NULL AUTO_INCREMENT,
  `kategori` varchar(50) NOT NULL,
  PRIMARY KEY (`id_kategori`)
) ENGINE=InnoDB  DEFAULT CHARSET=latin1 AUTO_INCREMENT=9 ;

--
-- Dumping data for table `kategori`
--

INSERT INTO `kategori` (`id_kategori`, `kategori`) VALUES
(1, 'Bahasa Indonesia'),
(2, 'Bahasa Inggris'),
(3, 'IPA'),
(4, 'IPS'),
(5, 'TIK'),
(6, 'MATEMATIKA'),
(7, 'CERITA'),
(8, 'Buku Umum');

-- --------------------------------------------------------

--
-- Table structure for table `kelas`
--

CREATE TABLE IF NOT EXISTS `kelas` (
  `id_kelas` smallint(5) unsigned NOT NULL AUTO_INCREMENT,
  `kelas` varchar(10) DEFAULT NULL,
  PRIMARY KEY (`id_kelas`)
) ENGINE=InnoDB  DEFAULT CHARSET=latin1 AUTO_INCREMENT=4 ;

--
-- Dumping data for table `kelas`
--

INSERT INTO `kelas` (`id_kelas`, `kelas`) VALUES
(1, '7A'),
(3, '7B');

-- --------------------------------------------------------

--
-- Table structure for table `penerbit`
--

CREATE TABLE IF NOT EXISTS `penerbit` (
  `id_penerbit` int(10) unsigned NOT NULL AUTO_INCREMENT,
  `penerbit` varchar(100) NOT NULL,
  PRIMARY KEY (`id_penerbit`)
) ENGINE=InnoDB  DEFAULT CHARSET=latin1 AUTO_INCREMENT=3 ;

--
-- Dumping data for table `penerbit`
--

INSERT INTO `penerbit` (`id_penerbit`, `penerbit`) VALUES
(2, 'Wahyu');

-- --------------------------------------------------------

--
-- Table structure for table `pengarang`
--

CREATE TABLE IF NOT EXISTS `pengarang` (
  `id_pengarang` int(10) unsigned NOT NULL AUTO_INCREMENT,
  `pengarang` varchar(500) NOT NULL,
  PRIMARY KEY (`id_pengarang`)
) ENGINE=InnoDB  DEFAULT CHARSET=latin1 AUTO_INCREMENT=408 ;

--
-- Dumping data for table `pengarang`
--

INSERT INTO `pengarang` (`id_pengarang`, `pengarang`) VALUES
(1, 'POERWADARMINTA'),
(2, 'DEPAG RI'),
(3, 'YUDIAWAN , DENI'),
(4, 'ADIYUWONO'),
(5, 'AMBARJAYA, BENI S'),
(6, 'SUKIDIN, BASROWI, SURONTO'),
(7, 'HIRATA ANDREA '),
(8, 'YAYASAN JATI DIRI BANGSA'),
(9, 'DRAGER, ELLEU'),
(10, 'TJASYONO, BAYONG'),
(11, 'JOHNSON, LAUANNE'),
(12, 'ASRORI, MOHAMMAD '),
(13, 'ATMADI LAGA, AGUS H'),
(14, 'BUDIYANTO'),
(15, 'PRATIWI '),
(16, 'TIM EDUKASI'),
(17, 'PURBA, MICHAEL'),
(18, 'BADRIKA I WAYAN'),
(19, 'SUDARWATI, M. T.jEUDIA GRACE'),
(20, 'RITONGGA, M.Tj. YOGA FIRDAUS'),
(21, 'GUNTHRIG, MARK '),
(22, 'GUNAWAN, GUGUN ARIEF'),
(23, 'ADI, WINENDRA CATALJ'),
(24, 'HANUNULA DICK'),
(25, 'LEES, TERRI'),
(26, 'KING, DANIEL'),
(27, 'SUTARMIN'),
(28, 'AHMAD, SATRIO'),
(29, 'WINARNO'),
(30, 'SAKTIYONO'),
(31, 'IMANINGTYAS, SRI AYU'),
(32, 'ISDRIANI, PUDJI'),
(33, 'DAMANIK, FRITZ'),
(34, 'RETNOWATI, PRISCILLA'),
(35, 'NUGROHO, DJOKO'),
(36, 'TAMPOMAS, HUSEIN'),
(37, 'WILLIS, PROF DR. SOFYANS'),
(38, 'DAMARIK, PUDJI'),
(39, 'MANGKULO, HENGKY ALEXANDER'),
(40, 'RIZKY, ABDUL ROZAQ'),
(41, 'RAHAYU, IMAN'),
(42, 'MUN, NG FOO'),
(43, 'BAHDARI'),
(44, 'ANJAYANI, ENI'),
(45, 'ROHMADI, MUHAMMAD'),
(46, 'BUDIARTI, ATIK , CATUR'),
(47, 'WARDIYATMOKO'),
(48, 'BADRIKA, I  WAYAN'),
(49, 'TIM SOSIOLOGI '),
(50, 'SISWANTO'),
(51, 'UTAMI, SRI SUGIARTI, SUROTO, ALEXANDER SOSA'),
(52, 'MUSTOPO, HABIB, PROF Dr. M'),
(53, 'RAHARJO, BAMBANG PUJI'),
(54, 'SUDARSO'),
(55, 'RUDIARTI'),
(56, 'ARIFIN, AH, AL'),
(57, 'ASMIARTO, DIDIK'),
(58, 'SUMARJITO'),
(59, 'DHORURI, ATMINI'),
(60, 'SANTOSO, AGUS'),
(61, 'RUSTAMAJI'),
(62, 'TIM'),
(63, 'DARYANTO, Drs'),
(64, 'GERDAS, GURU INDONESIA'),
(65, 'TIM SUPER INTENSIF'),
(66, 'TIM WIDYA GAMMA'),
(67, 'UU, MARAH, DKK'),
(68, 'TIM MATA ELANG MEDIA'),
(69, 'NIEN'),
(70, 'ERAWATI, A. S.Pd'),
(71, 'JOGJA TEACHERS CLUB'),
(72, 'KAWEDHAR, WIDYA BAKTI HESTI'),
(73, 'FERYANTO, AGUNG'),
(74, 'KURNIAWATI, CICIK'),
(75, 'AKSIN, NUR'),
(76, 'HARYANTO, TRI'),
(77, 'BACHTIAR, HASAN'),
(78, 'MUHAJIR'),
(79, 'YAYAT NUSANTARA'),
(80, 'SYAMSURI'),
(81, 'SADIMAN'),
(82, 'TH. M. SUDARWATI'),
(83, 'SUPIYANTO'),
(84, 'ADIANTO MUIN'),
(85, 'BK NOORMANDIRI'),
(86, 'D.A PRATIWI'),
(87, 'CUT MEURAH'),
(88, 'WAHYU ADJI'),
(89, 'TIM EDUKATIF'),
(90, 'YUPRIELI HULU, S. PAK M.Th'),
(91, 'B.K NOORMANDIRI'),
(92, 'IDIANTO MUIN'),
(93, 'GATOT HARMANTO'),
(94, 'KHOIRUL ANWAR'),
(95, 'Drs. TATANG RAHMAD'),
(96, 'SULASTRI, EUIS'),
(97, 'DENDY SUGONO'),
(98, 'UTAMI, SRI '),
(99, 'HASAN ALWI'),
(100, 'YEYEN MARYANI'),
(101, 'SIGIYUNO'),
(102, 'Drs. EKOSALILI M.Pd. '),
(103, 'MOCH FARIEDB CAHYONO'),
(104, 'CAHYONO'),
(105, 'DEE / DEWI LESTARI'),
(106, 'BAMBANG JOKO SUSILO'),
(107, 'NENI SUHAENI'),
(108, 'MASHUDI'),
(109, 'SUPARMAN'),
(110, 'DIAH RAHMATIA'),
(111, 'PIRNO SUWITO'),
(112, 'SITI ROCHANI'),
(113, 'ENDANG SUGIHARTI'),
(114, 'SITI AMBARWATI'),
(115, 'HERU WIDODO'),
(116, 'SJAHMIEN MOEHYI'),
(117, 'RIFDAH SHABELLA'),
(118, 'DESINTYA DEWI'),
(119, 'HEMBING WIJAYA KUSUMA'),
(120, 'RAD KAMILA HAYALI '),
(121, 'PAULA BARTIMEUS'),
(122, 'PETER CAREY'),
(123, 'RETNO LISTYARTI'),
(124, 'SETIADI'),
(125, 'YOSHIDA YOSUA'),
(126, 'FRANSISCA RUMANA'),
(127, 'INSWASTI CAHYANI'),
(128, 'ELWYNIA BENOWO'),
(129, 'AGUS SACHARI'),
(130, 'SUDARWATI'),
(131, 'WIRODIKROMO, SARTONO'),
(132, 'WIDYABAKTI HESTI KAWEDHAR'),
(133, 'FENTI RAHAYU S'),
(134, 'ROHANA KUSUMA WATI'),
(135, 'NGAPININGSIH'),
(136, 'RISDIYANI CHASANAH'),
(137, 'ANNA YUNI ASTUTI'),
(138, 'WALDJINAH'),
(139, 'MULYANA W KUSUMAH'),
(140, 'MUKHSINUL MUBAROK, M.S.I'),
(141, 'NURBOWO BUDI UTOMO'),
(142, 'UTI DARMAWATI'),
(143, 'DWI DJOSULISTYO'),
(144, 'DHANU PRIYO PRABOWO'),
(145, 'HERRY MARDIANTO'),
(146, 'MURYA LELANA'),
(147, 'WIWIN ERNI SITI NURLINA'),
(148, 'SUKARDI'),
(149, 'PRIHARINI'),
(150, 'ELISABETH WARNININGSIH, SE'),
(151, 'REMAJA PERWAKILANPELAJAR'),
(152, 'DEE'),
(153, 'MARAH RUSLI'),
(154, 'BACHARUDDIN YUSUF HABIBIE'),
(155, 'A. FUADI'),
(156, 'RIYANTO EL HARITS'),
(157, 'ADI, GUNAWAN. Drs.'),
(158, 'BOB FOSTER'),
(159, 'ISTAMAR SYAMSURI'),
(160, 'DAWUD, Dr.M.Pd'),
(161, 'SARTONO, WIRODIKROMO'),
(162, 'RITONGA'),
(163, 'BAMBANG SUTENG.DKK'),
(164, 'MICHAEL PURBA, Drs. M.Si'),
(165, 'MARTHEN KANGINAN Ir.M.Sc'),
(166, 'ENDANG ZAELANI SUKAYA.Drs. H'),
(167, 'TIJAN SU'),
(168, 'PRANDEDJOE POESPANINGRAT'),
(169, 'ANJAYANI,ENI,TRIHARYANTO'),
(170, 'ADNAN,LIESDA NURDIANI'),
(171, 'NANDI'),
(172, 'LESTARI,SRI S'),
(173, 'MARDIONO'),
(174, 'SUMALI,AGUS,HENNY HENDRASTUTI'),
(175, 'AISYAH MIMIN NUR,HARTATIK FITRIA R '),
(176, 'ASMARA, ADI'),
(177, 'SUYANTI, DWI, GENDROWATI'),
(178, 'SHOLEH, MAIMUN, SURIFAH'),
(179, 'MOENADI, RIZAL, RINAWATI'),
(180, 'USMAN, BURHANUDDIN A, M. MANSYUR A.R, SAFRI'),
(181, 'SUYANTI,DWI,GENDROWATI'),
(182, 'HERLIANA, LIA'),
(183, 'SUKWIATY,SLAMET SUKAMTO, KARDIMAN, AGUS, SURANTO'),
(184, 'INDRASTUTI; SUJIYANI; SRI MULYANI; KUSTIYANINGSIH'),
(185, 'SUMALI; AGUS; HENNY HENDRASTUTI'),
(186, 'FIRMANAWATI, DEWI MULYASARI'),
(187, 'RITONGGA, MT [AT AL]'),
(188, 'RIANDARI, HRNNY'),
(189, 'PUJIYANTO, SRI'),
(190, 'SUBARDI, NURYANI, SHIDIQ PRAMONO'),
(191, 'SULISTYORINI, ARI'),
(192, 'PRAWIRO HARTONO, SLAMET; SRI HIDAYATI'),
(193, 'LESTARI, ENDANG SRI'),
(194, 'SUDJADI, BAGOD; SITI LAILA'),
(195, 'SETOIWATI, TETTY; DESWATI FURQONITA'),
(196, 'FERDINAND; FICTOR P; MOEKTI ARI WIBOWO'),
(197, 'SEMBIRING, LANGKAH, SUDJINO'),
(198, 'PARTANA, CRYS FAJAR, ANTUNI WAYARSI'),
(199, 'HARJANI,TARTI DKK'),
(200, 'HERMAWAN, PARIS SUTARJA, WINANTA, HERU PRATOMO'),
(201, 'RUSMIATI'),
(202, 'PURTADI, SUKISMAN, SAPTONO NUGROHADI'),
(203, 'SUHARSINI, MARIA, DYAH SAPTARINI'),
(204, 'SUTRESNA, NANA'),
(205, 'FAUZIAH, NENDEN'),
(206, 'MUCHTARIDI, SANDRI JUSTIANA'),
(207, 'PRANOWO, DENI, SRI JUARI SANTOSO, SRI SUDIONO'),
(208, 'HARYADI, BAMBANG'),
(209, 'MARIANI, WIDI'),
(210, 'PRIBADI,MUHAMMAD'),
(211, 'PURWOKO, FENDI'),
(212, 'PURWANTO, BUDI'),
(213, 'HARTANTO, REZA WIDYA SATRIA'),
(214, 'RIDHO, SHOFWAN, MUKHLIS SETIA BUDI'),
(215, 'FAOZIAH, ATIK, MIRFA FIDATI'),
(216, 'SUPRIYANTO, A.M WIDYATMOKO'),
(217, 'SUTEJO'),
(218, 'DAMARI, ARI'),
(219, 'SARDIMAN'),
(220, 'ARISANDI, ARRY RISAF'),
(221, 'MARDIYANTO, AMIR SUHADIMANTO'),
(222, 'TIOJAKIN, MAGGIE'),
(223, 'AFRA, AFIFAH'),
(224, 'SURYANA, Dr.M.Si'),
(225, 'WARDIYATMOKO, K'),
(226, 'PRATIWI, DA [AT AL]'),
(227, 'SUDARWATI, Th. M, EUDIA GRACE'),
(228, 'PRATIWI D.A [AT AL]'),
(229, 'CHOTIB, Drs. [AT AL]'),
(230, 'JOHANES,S.Pd. M.Ed, KASTOLAN S.Pd, SULASIM S.Pd.'),
(231, 'NOORMANDIRI, BK'),
(232, 'MUIN, IDIANTO'),
(233, 'ADJI, WAHYU, SUWERLI, SURATNO'),
(234, 'JATIRAHAYU, WARIH Dra'),
(235, 'AGUSTIN, ARY GINANJAR'),
(236, 'NUSANTARA,YAYAT'),
(237, 'SETIAWAN, WANWAN, Drs.M.M'),
(238, 'SUARNA, NANA ST'),
(239, 'SJAICHU, AHMAD, S.Pd'),
(240, 'SUTRISNO, WITO, Drs.M.Pd'),
(241, 'STANLY, J.A'),
(242, 'BUDIMANSYAH, DASIM, Dr. M.Si'),
(243, 'WAHYUDIN PROF Dr. M.Pd'),
(244, 'DJAJAL,DINO PATTI,Dr'),
(245, 'KUSNADI , DIDIK PRIYANDOKO'),
(246, 'SUDJINO, DrS. M.S (AL AL)'),
(247, 'ANSHORI MUCH , DJOKO MARTONO'),
(248, 'DIASTUTI,DENNI'),
(249, 'DYASTRININGRUM'),
(250, 'SUPRIYANTO'),
(251, 'SARE, YUNI , PETRUS CINTA'),
(252, 'INDRIYAWATI,EMMY'),
(253, 'SALIM, HASAN, DEVI LIBRIANTI'),
(254, 'WIDODO , TRI'),
(255, 'HANDAYANI,TRI,ARI DAMARI'),
(256, 'EARI'),
(257, 'AHMAN,EENG'),
(258, 'INDRASTUTI'),
(259, 'WALUYO, INDARTO, J. SUBROTO'),
(260, 'BUDIWATI, NEFI'),
(261, 'PURNASTUTI, LOSINA, Rr. INDAH MUSTIKAWATI'),
(262, 'HERYANA, TONI, DITA RARI DWI'),
(263, 'KUSUMA WARDANI, DEWI'),
(264, 'NURDIN, MUH'),
(265, 'HABIBI, MAKSUM, AHMAD WIDODO'),
(266, 'SUTARNO [AT AL]'),
(267, 'MULYANI, ENDANG, DARU WAHYUNI'),
(268, 'HAFID, MOCH ALI. B'),
(269, 'EKO, YULI'),
(270, 'RUDIANTO'),
(271, 'HANDOKO, YULIAN [AT AL]'),
(272, 'NOVIANI, LENY'),
(273, 'DALIMUTHE, ZULIANI [AT AL]'),
(274, 'ELISANTI, TITIN ROSTINI'),
(275, 'NURMUHARIMAN, SANIYANTI'),
(276, 'JATI, WIJAYA'),
(277, 'LOSYANA, TEPI [AT AL]'),
(278, 'PERMANA, IRVAN'),
(279, 'PUDIASTUTI, AGUSTIN YUANIS, CEPI KURNIAWAN'),
(280, 'KHAMIDAMAL, TRI WAHYUNINGSIH, SHIDIQ, PRAMONO'),
(281, 'SANTOSO, IMAM'),
(282, 'SETIAWAN,DADANG'),
(283, 'SUGIYANTO'),
(284, 'LESTARI, SRI'),
(285, 'SUGARA, ISDA,MULYA'),
(286, 'REGARIANA, CUT MEURAH'),
(287, 'UTOYO, BAMBANG'),
(288, 'RIDHO, SHOFWAN'),
(289, 'ISTIYONO, EDI'),
(290, 'NURACHMANDADI, SETYA'),
(291, 'SUBAGYA, HARI, AGUS T'),
(292, 'RIDHO, SOFWAN'),
(293, 'HARMANTO, ARI, RUMINTEN'),
(294, 'MAULUDIN, UJANG'),
(295, 'WINARNI,E'),
(296, 'HIDAYAT, JAMILUDIN'),
(297, 'RUWANTO, BAMBANG'),
(298, 'ASTRA, I MADE, HILMAN S'),
(299, 'ARIFUDIN, M ACHYA'),
(300, 'SUPARMO, TRI WIDODO'),
(301, 'SUPRIYANTO, A. M. WIDYATMOKO'),
(302, 'HENDRAJATI, PAULINA'),
(303, 'SUMARNA, OMAY, SRI MULYANI, HERMAN'),
(304, 'PARTANA,CRYS FAJAR, ANTUNI WAYARSI'),
(305, 'SUHARINI, EMI, APIK BUDI S, TJATURRAHONO, BJ'),
(306, 'KHOSIM, AMIR, KUN MARLINA L'),
(307, 'PRANOTO, MARIMIN TRI'),
(308, 'SUBAGIYO, MARDIAN WIBOWO'),
(309, 'SAINLY L, ATIK CATUR B'),
(310, 'MULYANI, HENI, KURNIA NANDAR WATY, NENG ARYANTI'),
(311, 'MULYANI SRI [AT AL]'),
(312, 'RACHAWATI, FAIDAH, NURUL URIFUS, ARI WIJAYATI'),
(313, 'PURWOKO AGUNG, [AT AL]'),
(314, 'SUDJADI, BAGOD, SITI LAILA'),
(315, 'KARWANA, OMAN '),
(316, 'SUPRIYANTO,ALI MUHSON'),
(317, 'BROTO, NUGROHO TRISNU'),
(318, 'RAHMANTO, NUR IKHWAN'),
(319, 'OKTORA, ATI HAVIATI,SITI AISAH'),
(320, 'PURWITA,D.EDI'),
(321, 'SUBAGYO,MARDIAN WIBOWO'),
(322, 'HARDIYANTI,ADWIANA'),
(323, 'PRAWIRA HARTONO,SLAMET,SRI HADIYATI'),
(324, 'SUWARNO'),
(325, 'MUCHTARIDI,SANDRI JUSTIANA'),
(326, 'HARJANI,(AT AL)'),
(327, 'HARNANTO ARI , RUMINTEN'),
(328, 'PARNING,HORALE,TIOPAN'),
(329, 'SUTRISNO,LISA LISTIANA'),
(330, 'HIDAYAT,JAMILUDIN'),
(331, 'SUTRISNO,NANA'),
(332, 'SUDARMO,UNGGUL'),
(333, 'SUKARDJO '),
(334, 'SUYATNO,(AT AL)'),
(335, 'KANGHINAN,MARTHEN'),
(336, 'SUPRIYANTO,A.M.WIDIATMOKO'),
(337, 'SUHARYONO,KARYONO,DWI SATYA PALUPI'),
(338, 'PURWAKA,FENDI'),
(339, 'PRASONGKO,EKO TITIS,RUDI H'),
(340, 'YANI,AKMAD,MAMAT ROHIMAT'),
(341, 'INDARTO'),
(342, 'GUNAWAN,TOTOK(AT AL)'),
(343, 'WIDIATMOKO'),
(344, 'FAISAL,IRWAN,NUR SITI S'),
(345, 'PRIYONO,TITI'),
(346, 'ALI,SARILAN M.'),
(347, 'FADILA,IWAN '),
(348, 'HARTONO,BAMBANG,WIDODO'),
(349, 'SURI,YAYAN SOFYAN'),
(350, 'HARTONO,BAMBANG'),
(351, 'LESMANA,INDRA'),
(352, 'SUPLIYADI,TRI CANDRA MUCHARUM'),
(353, 'SARILAN M. ALI'),
(354, 'LISTYA,TRI DEWI, HERAWATI,A DADI PERMANA'),
(355, 'PERMANA, A. DADI'),
(356, 'GAFFAR,VANESSA, ASKOLANI'),
(357, 'MAHFUDZ, AGUS,LENI PERMANA,SRI NURMULYATI'),
(358, 'PERMANA,LENI SRI NUR MULYATI,AGUS MAHFUDZ'),
(359, 'ARIFIN, IMANUEL'),
(360, 'ARIFIN, IMANUEL , GIANA HADI W'),
(361, 'LITYA, TRI DEWI , HERAWATI , A DADI PERMANA'),
(362, 'SUDJINO, , (AT AL )'),
(363, 'MULYATI, SRI NUR ,AGUS MAHFUDZ , LENI PERMANA'),
(364, 'PURNOMO,  (AT AL )'),
(365, 'YULIANI, MARTA, GANDES CUKAT PERMATY'),
(366, 'WIANASTITI,MELANIA ,P B, (AT AL )'),
(367, 'PURWATI M, MARTA YULIANI'),
(368, 'PURWANTI , M,E. R PRASETYANINGSIH'),
(369, 'YUNIANINGSIH, YENNI'),
(370, 'SURYANI, LIS (AT AL)'),
(371, 'KRISNA SANDRA RETNO AYU'),
(372, 'SUWARDI, SOEBIYANTO, TH EKA WIDIASIH'),
(373, 'WAHYUDIN, KOS,H'),
(374, 'JUANDA'),
(375, 'ISKANDAR, L'),
(376, 'RAHAYU, SAPTANTI,ENY WIJI LESTARI, MARYADI'),
(377, 'ISKANDAR . L'),
(378, 'DUSHAM UII YOYGAKARTA'),
(379, 'TIM PENYUSUN BUKU AJAR '),
(380, 'UUD 1945 &GBHN'),
(381, 'UU PORNOGRAFI'),
(382, 'UUD 1945 HASIL2 AMANDEMEN'),
(383, 'UU NARKOTIKA&PSIKOTROPIKA'),
(384, 'ABDURRAHIM, AS SAYYID BIN ABDUL MAQSHUD'),
(385, 'AL-GHAZALI, MUHAMMAD'),
(386, 'ATHO , NADZIMI KHOLIL ABDUL, Dr '),
(387, 'NIOK, MARIA BO'),
(388, 'KHOUJAH, NASHRUDDIN'),
(389, 'SHIRARY, HABIBURRAHMAN EL'),
(390, 'HARTONO, GM'),
(391, 'SUWANGSA, JAEM'),
(392, 'SHAFIRA'),
(393, 'CERDENIS RUMAH DUNIA'),
(394, 'ALIYYAH, SYARI FAL'),
(395, 'HAKIM, Dr. TAUFIQ EL'),
(396, 'HIRATA, ANDREA'),
(397, 'TANIGUCHI, GORO'),
(398, 'PRASETYO, EKO'),
(399, 'ZAINURI, IMAN'),
(400, 'SUJANTO, HENDRA'),
(401, 'ASHARI, M. HASYIM'),
(402, 'LESTYORINI, SUSI'),
(403, 'HARMANTO, GATOT'),
(404, 'DWECK, CAROLS, PH. D'),
(405, 'AL MANDZIRI IMAN'),
(406, 'FOSTER, BOB, HERLIN'),
(407, 'TAMPOMAS, HUSSEIN, IND');

-- --------------------------------------------------------

--
-- Table structure for table `pengembalian`
--

CREATE TABLE IF NOT EXISTS `pengembalian` (
  `id_pengembalian` int(10) unsigned NOT NULL AUTO_INCREMENT,
  `id_pinjam` char(12) NOT NULL,
  `tgl_terima` char(10) NOT NULL,
  `telat` int(3) NOT NULL,
  `denda` decimal(4,0) NOT NULL,
  `petugas` int(10) unsigned NOT NULL,
  PRIMARY KEY (`id_pengembalian`),
  KEY `FK_pengembalian` (`id_pinjam`),
  KEY `FK_pengembalian_user` (`petugas`)
) ENGINE=InnoDB  DEFAULT CHARSET=latin1 AUTO_INCREMENT=7 ;

--
-- Dumping data for table `pengembalian`
--

INSERT INTO `pengembalian` (`id_pengembalian`, `id_pinjam`, `tgl_terima`, `telat`, `denda`, `petugas`) VALUES
(3, 'PJ-2016-1002', '07-06-2016', 0, 0, 1),
(4, 'PJ-2016-1003', '09-06-2016', 0, 0, 1),
(5, 'PJ-2016-1006', '10-06-2016', 0, 0, 1),
(6, 'PJ-2016-1007', '10-06-2016', 0, 0, 1);

-- --------------------------------------------------------

--
-- Table structure for table `pinjam`
--

CREATE TABLE IF NOT EXISTS `pinjam` (
  `id_pinjam` char(12) NOT NULL,
  `id_anggota` int(10) unsigned NOT NULL,
  `tgl_pinjam` char(10) NOT NULL,
  `tgl_kembali` char(10) NOT NULL,
  `id_buku` char(6) NOT NULL,
  `status` tinyint(1) NOT NULL COMMENT '1=pinjam,0=kembali',
  `petugas` int(10) unsigned NOT NULL,
  PRIMARY KEY (`id_pinjam`),
  KEY `FK_pinjam_buku` (`id_buku`),
  KEY `FK_pinjam_anggota` (`id_anggota`),
  KEY `FK_pinjam_user` (`petugas`)
) ENGINE=InnoDB DEFAULT CHARSET=latin1;

--
-- Dumping data for table `pinjam`
--

INSERT INTO `pinjam` (`id_pinjam`, `id_anggota`, `tgl_pinjam`, `tgl_kembali`, `id_buku`, `status`, `petugas`) VALUES
('PJ-2016-1002', 1, '02-06-2016', '09-06-2016', 'BK1001', 0, 1),
('PJ-2016-1003', 1, '07-06-2016', '14-06-2016', 'BK1002', 0, 1),
('PJ-2016-1004', 1, '09-06-2016', '16-06-2016', 'BK1002', 1, 1),
('PJ-2016-1005', 1, '09-06-2016', '16-06-2016', 'BK1002', 1, 1),
('PJ-2016-1006', 1, '10-06-2016', '17-06-2016', 'BK1002', 0, 1),
('PJ-2016-1007', 1, '10-06-2016', '17-06-2016', 'BK1002', 0, 1);

-- --------------------------------------------------------

--
-- Table structure for table `user`
--

CREATE TABLE IF NOT EXISTS `user` (
  `id_user` int(10) unsigned NOT NULL AUTO_INCREMENT,
  `nama` varchar(50) NOT NULL,
  `username` varchar(50) NOT NULL,
  `password` text NOT NULL,
  `level` enum('admin','user') NOT NULL,
  PRIMARY KEY (`id_user`)
) ENGINE=InnoDB  DEFAULT CHARSET=latin1 AUTO_INCREMENT=3 ;

--
-- Dumping data for table `user`
--

INSERT INTO `user` (`id_user`, `nama`, `username`, `password`, `level`) VALUES
(1, 'Faza', 'faza', 'e046cf5be5053667cba83298bc5080fa', 'admin'),
(2, 'User', 'user', 'ee11cbb19052e40b07aac0ca060c23ee', 'user');

--
-- Constraints for dumped tables
--

--
-- Constraints for table `anggota`
--
ALTER TABLE `anggota`
  ADD CONSTRAINT `FK_anggota_kelas` FOREIGN KEY (`kelas`) REFERENCES `kelas` (`id_kelas`) ON DELETE CASCADE ON UPDATE CASCADE;

--
-- Constraints for table `buku`
--
ALTER TABLE `buku`
  ADD CONSTRAINT `FK_buku_kat` FOREIGN KEY (`id_kategori`) REFERENCES `kategori` (`id_kategori`) ON DELETE CASCADE ON UPDATE CASCADE,
  ADD CONSTRAINT `FK_buku_penerbit` FOREIGN KEY (`id_penerbit`) REFERENCES `penerbit` (`id_penerbit`) ON DELETE CASCADE ON UPDATE CASCADE,
  ADD CONSTRAINT `FK_buku_pengarang` FOREIGN KEY (`id_pengarang`) REFERENCES `pengarang` (`id_pengarang`) ON DELETE CASCADE ON UPDATE CASCADE;

--
-- Constraints for table `pengembalian`
--
ALTER TABLE `pengembalian`
  ADD CONSTRAINT `FK_pengembalian` FOREIGN KEY (`id_pinjam`) REFERENCES `pinjam` (`id_pinjam`) ON DELETE CASCADE ON UPDATE CASCADE,
  ADD CONSTRAINT `FK_pengembalian_user` FOREIGN KEY (`petugas`) REFERENCES `user` (`id_user`) ON DELETE CASCADE ON UPDATE CASCADE;

--
-- Constraints for table `pinjam`
--
ALTER TABLE `pinjam`
  ADD CONSTRAINT `FK_pinjam_anggota` FOREIGN KEY (`id_anggota`) REFERENCES `anggota` (`id_anggota`) ON DELETE CASCADE ON UPDATE CASCADE,
  ADD CONSTRAINT `FK_pinjam_buku` FOREIGN KEY (`id_buku`) REFERENCES `buku` (`id_buku`) ON DELETE CASCADE ON UPDATE CASCADE,
  ADD CONSTRAINT `FK_pinjam_user` FOREIGN KEY (`petugas`) REFERENCES `user` (`id_user`) ON DELETE CASCADE ON UPDATE CASCADE;

/*!40101 SET CHARACTER_SET_CLIENT=@OLD_CHARACTER_SET_CLIENT */;
/*!40101 SET CHARACTER_SET_RESULTS=@OLD_CHARACTER_SET_RESULTS */;
/*!40101 SET COLLATION_CONNECTION=@OLD_COLLATION_CONNECTION */;
